{
  "dataset_name": "cigarette-market-dataset",
  "created_from": "https://www.nextmsc.com/report/cigarette-market-3644",
  "created_on": "2025-12-01",
  "fields": {
    "Title": "Report title",
    "Source": "Source/publisher",
    "URL": "Link to report",
    "Market_Size_2024_USD_billion": "Float/string",
    "Market_Size_2025_USD_billion": "Float/string",
    "Market_Projection_2030_USD_billion": "Float/string",
    "CAGR_2025_2030_percent": "Float/string",
    "Segments": "Text describing segmentation used in report",
    "Key_Players": "Semicolon-separated list of major companies listed on the page",
    "Summary": "Short summary / highlights"
  },
  "notes": [
    "Numbers and text were extracted from the public report page (Next Move Strategy Consulting).",
    "This dataset is a small sample intended to mirror the structure of the user's example dataset.",
    "For full report access, consult the original report page or purchase the PDF."
  ]
}